image,date_read,author,title,publisher,edition_year,isbn13,isbn10,isbn_status,source_image
073.webp,2023-04-18,Wang Huning,America Against America,,,,,edition-needs-cover-check,18358305664020850.webp
074.webp,2023-04-10,Dmitry Orlov,Shrinking the Technosphere: Getting a Grip on Technologies that Limit Our Autonomy Self-Sufficiency and Freedom,New Society Publishers,2016,9780865718388,0865718385,verified-paperback,17996608435757290.webp
075.webp,2023-04-04,Dmitry Orlov,Everything Is Going According to Plan,,,,,pending,18256499548144122.webp
076.webp,2023-03-26,Nassim Nicholas Taleb,Skin in the Game: Hidden Asymmetries in Daily Life,Random House,2018,9780425284629,042528462X,edition-format-needs-check,17887057004803619.webp
077.webp,2023-02-08,Leo Tolstoy,War and Peace,,,,,edition-needs-cover-check,17859957830892861.webp
078.webp,2023-02-06,Committee for Promotion of Peace,Falsifiers of History: An Historical Document on the Origins of World War II,,,,,pre-isbn,18001239430612210.webp
079.webp,2023-02-02,Joseph Stalin,Marxism and the National Question,,,,,pre-isbn,17886774650785970.webp
080.webp,2023-01-28,Annabelle Bucar,The Truth About American Diplomats,,,,,pre-isbn,17953064555434931.webp
081.webp,2023-01-27,Fernando Pessoa,The Anarchist Banker,Guernica Editions,2018,,,edition-needs-cover-check,18041224504410720.webp
082.webp,2023-01-27,Henri Barbusse,Stalin: A New World Seen Through One Man,,,,,edition-needs-cover-check,17909148524699738.webp
083.webp,2023-01-18,Jack London,Une invasion sans précédent,,,,,edition-needs-cover-check,18085359061316790.webp
084.webp,2023-01-05,Geoffrey Roberts,Stalin's Library: A Dictator and His Books,Yale University Press,2022,9780300179040,0300179049,verified-hardback,18337706335035266.webp
085.webp,2022-12-25,Robert A. Heinlein,Stranger in a Strange Land,,,,,edition-needs-cover-check,17967518951026141.webp
086.jpg,2022-12-12,Dmitry Orlov,Ready Set Bolt! Survivor's Toolkit,,,,,pending,17953793903140886.jpg
087.webp,2022-11-25,Dmitry Orlov,The Five Stages of Collapse: Survivors' Toolkit,New Society Publishers,2013,9780865717367,0865717362,verified-paperback,18015153817465567.webp
088.webp,2022-11-17,Andrei Martyanov,Losing Military Supremacy: The Myopia of American Strategic Planning,Clarity Press,2018,9780998694757,0998694754,verified-paperback,17984489779664728.webp
089.webp,2022-11-11,Andrei Martyanov,Disintegration: Indicators of the Coming American Collapse,Clarity Press,2021,9781949762341,1949762343,verified-paperback,18073178023326137.webp
090.webp,2022-10-23,Nick Land,Fanged Noumena: Collected Writings 1987-2007,Urbanomic / Sequence Press,2011,9780955308789,095530878X,verified-paperback,18320120353034330.webp
091.webp,2022-10-16,Lyndon H. LaRouche Jr.,The Secrets Known Only to the Inner Elites,,,,,pending,18213353218162170.webp
092.webp,2022-10-02,George Seldes,Facts and Fascism,,,,,edition-needs-cover-check,17965811080812558.webp
093.webp,2022-09-26,Carl Schmitt,Theory of the Partisan,,,,,edition-needs-cover-check,17940789125207495.webp
094.webp,2022-09-11,Italo Calvino,The Complete Cosmicomics,,,,,edition-needs-cover-check,17955685661039098.webp
095.webp,2022-09-06,Eric Bennett,"Workshops of Empire: Stegner, Engle, and American Creative Writing during the Cold War",University of Iowa Press,2015,9781609383718,1609383710,verified-paperback,17865635072745009.webp
096.webp,2022-09-02,William James Sidis,The Animate and the Inanimate,,,,,edition-needs-cover-check,17950555697124905.webp
097.webp,2022-08-29,Alexander Dugin,Political Platonism: The Philosophy of Politics,Arktos Media,2019,9781912079902,1912079909,verified-paperback,17937795128343340.webp
098.webp,2022-08-28,Alexander Dugin,The Theory of a Multipolar World,Arktos Media,2021,9781914208164,1914208161,verified-paperback,18031444825383128.webp
099.webp,2022-08-15,Cixin Liu,The Wandering Earth,,,,,edition-needs-cover-check,17855150507778464.webp
100.webp,2022-08-15,Cixin Liu,Death's End,,,,,edition-needs-cover-check,17956438537951014.webp
101.webp,2022-08-15,Cixin Liu,The Dark Forest,,,,,edition-needs-cover-check,17944287845278686.webp
102.webp,2022-08-07,Cixin Liu,The Three-Body Problem,,,,,edition-needs-cover-check,17979240604606805.webp
103.webp,2022-07-24,Qiao Liang and Wang Xiangsui,Unrestricted Warfare,,,,,edition-needs-cover-check,17922578951359540.webp
104.webp,2022-07-19,Robert H. Latiff,Future War: Preparing for the New Global Battlefield,Vintage,2018,9781101971802,1101971800,verified-paperback,17881113134698040.webp
105.webp,2022-07-16,Alexander Dugin,The Great Awakening vs the Great Reset,Arktos Media,2021,9781914208478,1914208471,verified-paperback,17951168584879391.webp
106.webp,2022-07-11,Alexander Dugin,Last War of the World-Island: The Geopolitics of Contemporary Russia,Arktos,2015,9781910524404,1910524409,verified-paperback,17942967917019441.webp
107.webp,2022-07-02,Benjamin J. Davis Jr.,Communist Councilman from Harlem: Autobiographical Notes Written in a Federal Penitentiary,,,,,pending,17929919954351590.webp
108.webp,2022-06-27,Gerrard Winstanley,"The Law of Freedom in a Platform, or True Magistracy Restored",,,,,edition-needs-cover-check,17983585876494110.webp
109.webp,2022-06-02,William Z. Foster,Outline Political History of the Americas,International Publishers,,,,pre-isbn,17958917914759686.webp
110.webp,2022-05-27,Adam Kotsko,Neoliberalism's Demons: On the Political Theology of Late Capital,Stanford University Press,2018,9781503607125,1503607127,verified-paperback,17902848167605999.webp
111.webp,2022-05-19,John Potash,"The FBI War on Tupac Shakur and Black Leaders: U.S. Intelligence's Murderous Targeting of Tupac, MLK, Malcolm, Panthers, Hendrix, Marley, Rappers & Linked Ethnic Leftists",,,,,pending,17951400529754168.webp
112.webp,2022-05-12,Kris Hollington,"Wolves, Jackals, and Foxes: The Assassins Who Changed History",,,,,edition-needs-cover-check,17944462012978834.webp
113.webp,2022-04-13,W. E. B. Du Bois,Black Reconstruction in America,,,,,edition-needs-cover-check,17912899487446326.webp
114.webp,2022-04-02,Civil Rights Congress,We Charge Genocide: The Crime of Government Against the Negro People,International Publishers,1970,9780717803118,0717803112,verified-paperback,17977286197508854.webp
115.webp,2022-03-29,Friedrich Engels,The Peasant War in Germany,International Publishers,,,,pre-isbn,17913700439436900.webp
116.webp,2022-03-14,Ludo Martens,Another View of Stalin: A Profile of the Soviet Leader,,,,,edition-needs-cover-check,17937208354968937.webp
117.webp,2022-02-28,Kim Phillips-Fein,Invisible Hands: The Businessmen's Crusade Against the New Deal,W. W. Norton & Company,2010,9780393337662,0393337669,verified-paperback,17912063534380166.webp
118.webp,2022-02-20,Adolph Reed Jr.,Class Notes: Posing as Politics and Other Thoughts on the American Scene,The New Press,2001,9781565846753,1565846753,verified-paperback,17960795830537867.webp
119.webp,2022-02-10,Nancy MacLean,Democracy in Chains: The Deep History of the Radical Right's Stealth Plan for America,Penguin Books,2018,9781101980972,1101980974,verified-paperback,17884756382529386.webp
120.webp,2022-02-09,Caleb Maupin,The Ideological Foundations of the City-Building Tendency,,,,,pending,17929842698019714.webp